FirstName,LastName,ID,IP
Jonas,Will,61,154.85.252.234
Eveline,Jerde,22,42.178.195.246
Randy,Mohr,65,32.241.123.71
Jesse,Dietrich,70,215.28.213.104
Michelle,Nitzsche,19,204.159.151.96
Xzavier,Thompson,36,149.62.182.80
Larue,Wehner,66,112.228.151.11
Haleigh,Stiedemann,20,173.210.160.213
Roslyn,Bechtelar,62,79.212.10.212
Clyde,Stiedemann,52,34.238.61.98
Erica,McKenzie,20,130.211.46.84
Kolby,Schumm,4,59.246.1.114
Pascale,Grimes,66,131.54.46.233
Lisandro,Kub,46,171.213.76.176
Marie,Brekke,3,248.29.65.13
Johnson,Rodriguez,19,31.112.142.22
Timmothy,Gerlach,54,40.131.251.115
Alec,Hodkiewicz,26,3.192.204.94
Floy,Botsford,4,184.215.252.32
Isaiah,Welch,6,179.211.167.74
Lowell,Ullrich,47,171.148.222.54
Louisa,Ankunding,50,95.202.52.96
Magali,Purdy,59,215.122.120.107
Lexi,Keebler,1,111.90.99.47
Yoshiko,Leffler,47,152.251.211.40
Dave,Ullrich,1,177.128.195.28
Darrion,Bailey,48,143.167.227.192
Samantha,Strosin,70,154.219.178.165
Hassan,Gerhold,48,254.25.200.144
Liliane,Williamson,51,170.249.122.229
Antonette,Ortiz,52,141.208.185.149
Ferne,Kautzer,60,157.12.166.219
Maryse,Weimann,54,72.92.92.147
Bria,McDermott,0,29.182.99.49
Pierre,Hoppe,55,230.152.119.211
Austen,Doyle,54,102.107.102.89
Robb,Friesen,21,167.234.8.13
Enoch,Schaden,64,40.28.253.153
Kathlyn,Auer,68,190.224.176.40
Pink,O'Reilly,58,5.231.204.245
Eva,Leffler,55,44.123.171.67
Whitney,Langworth,70,147.211.33.132
Lilla,Flatley,38,48.106.37.153
Alta,Feil,1,154.149.51.51
Noel,Koss,2,85.248.38.155
Jessie,VonRueden,54,45.124.199.76
Skylar,Aufderhar,60,139.115.163.139
Earnestine,Kohler,52,150.254.251.229
Sammie,Abernathy,34,4.70.181.213
Nadia,Turner,29,126.20.66.105
Zaria,Monahan,61,42.42.73.135
Aaliyah,Runolfsdottir,10,194.191.74.123
Dexter,Lind,49,162.151.115.40
Lane,Hane,62,72.247.229.39
Aubree,Bernhard,65,172.86.133.134
Dillan,Mitchell,30,226.246.149.48
Caterina,Schneider,36,239.232.20.38
Lois,Schumm,39,123.172.186.117
Norval,Von,43,243.255.1.101
Lola,Bosco,62,84.6.170.7
Nola,Hansen,36,39.190.128.33
Alexanne,Legros,42,181.126.93.89
Michael,Will,25,77.136.235.161
Norris,Nolan,55,86.55.181.60
Jevon,Watsica,48,3.57.94.199
Lourdes,Rohan,28,151.220.61.217
Russ,Dicki,68,43.245.203.132
Kade,Hermiston,50,94.6.185.163
Libbie,Fay,25,216.223.54.62
Wyatt,Predovic,41,22.108.75.95
Leann,Langworth,30,217.196.182.131
Claire,Heller,14,195.138.233.219
Lavon,Torp,22,130.93.121.16
Arch,Schinner,42,36.253.199.60
Shakira,Sipes,5,220.225.234.255
Erik,Heller,60,14.20.231.241
Marcus,Runolfsdottir,2,30.178.49.170
Travon,Halvorson,51,60.91.219.89
Krista,Auer,68,240.48.164.125
Mathilde,Hilll,62,151.145.10.58
Vesta,Turcotte,28,101.48.165.191
Shawn,Miller,0,154.29.246.101
Sydnie,Haley,33,98.152.180.139
Jaida,McLaughlin,44,186.97.79.169
Mohammed,Ortiz,52,116.76.255.180
Claudia,Howell,60,3.20.236.188
Alisa,Simonis,20,248.245.185.70
Joannie,Lowe,37,74.33.172.193
Brennon,Kohler,47,140.162.204.133
Nedra,Towne,15,106.244.204.224
Walker,Gulgowski,36,252.125.133.173
Bryce,Stehr,11,173.213.114.15
Bella,Welch,13,142.39.160.154
Kristopher,Wintheiser,3,249.104.63.183
Michele,Howe,24,93.201.176.175
Ben,Lynch,68,235.212.118.100
Giuseppe,Ruecker,16,240.139.159.18
Antonio,Blick,6,45.226.4.142
Elza,Gusikowski,0,151.97.139.125
Haylie,Prosacco,19,213.184.82.237
Nora,Larkin,23,153.150.32.187
Green,O'Keefe,16,124.77.129.34
Aniyah,Murray,19,35.20.44.156
Osbaldo,Aufderhar,37,53.118.157.32
Arnaldo,Wiza,23,129.159.85.17
Beaulah,Stokes,46,254.87.29.77
Lionel,Bogisich,17,69.76.132.215
Lulu,Bahringer,53,224.16.209.224
Jaiden,Little,32,196.217.198.182
Dovie,Simonis,46,97.210.6.68
Graham,Lakin,26,17.76.75.110
Pierre,Hermiston,58,90.226.206.238
Prince,Harber,49,34.161.106.133
Zander,Hickle,35,106.10.190.201
Lance,Mohr,63,54.104.172.17
Rowland,Heathcote,40,182.246.170.23
Kenton,Turcotte,27,34.7.104.110
Josianne,Haag,53,196.64.249.47
Wilton,Wilderman,35,249.181.167.252
Serenity,Lynch,45,125.148.41.246
Alexane,Gerlach,58,49.58.184.71
Dayne,Cormier,23,50.240.116.138
Janick,Bartoletti,8,111.14.218.13
Clemmie,Rowe,2,125.129.111.92
Edd,Mohr,69,178.13.145.199
Laila,DuBuque,39,10.162.123.84
Carissa,Pouros,58,202.97.182.95
Hannah,Ebert,17,221.228.223.71
Mollie,Buckridge,15,11.120.153.236
Mallory,Beahan,7,4.173.138.122
Glen,Predovic,22,141.21.220.229
Leonie,Feest,1,101.111.72.182
Franz,Walter,64,234.64.214.5
Susan,Heidenreich,70,223.89.87.167
Fausto,Wisoky,34,122.35.2.148
Layla,Wehner,24,107.82.209.118
Maryse,Olson,33,228.21.19.156
Brittany,Nienow,64,198.238.120.212
Roberto,Turcotte,45,45.39.222.130
Sigrid,Watsica,4,149.221.114.148
Ernesto,McDermott,65,180.8.97.131
Henderson,Pfannerstill,24,132.153.90.230
Alphonso,Flatley,2,132.157.207.106
Geo,VonRueden,52,212.50.233.54
Karianne,Swift,54,28.108.145.159
Jovanny,Casper,21,210.218.121.195
Elisabeth,Schmeler,35,21.231.143.4
Courtney,Gislason,7,33.182.82.49
Alden,Paucek,27,30.150.163.13
Frederick,Volkman,46,78.249.217.34
Gabrielle,Keeling,32,71.233.177.24
Federico,Klocko,47,71.145.202.193
Mozell,Metz,37,131.191.137.242
Eusebio,Glover,14,200.54.103.224
Lindsay,Rempel,4,106.69.95.126
Jeramy,Ziemann,11,189.243.152.188
Sven,Conn,31,237.165.157.96
Selena,McClure,50,173.218.109.152
Reyna,Robel,34,43.94.157.19
Kurt,Beahan,15,148.138.16.202
Henriette,Collier,62,245.120.28.106
Keshawn,Howe,7,188.184.22.66
Makayla,McGlynn,32,57.24.231.101
Jerod,Sauer,9,51.36.82.10
Markus,Altenwerth,5,253.83.214.129
Juanita,Glover,16,128.29.64.49
Santiago,Lynch,50,16.164.95.146
Aidan,Abbott,34,187.37.243.147
Kitty,Cartwright,70,60.252.4.173
Karen,Wolff,16,17.191.99.156
Colt,Kub,63,105.178.155.111
Monica,Eichmann,11,77.203.155.109
Raul,Sauer,30,201.232.81.189
Alan,Buckridge,17,176.26.198.40
Delpha,Reichert,40,22.150.164.58
Caleb,Konopelski,24,87.79.190.52
Janet,Kerluke,49,114.1.163.87
Aliya,Paucek,14,170.236.242.6
Annabel,Tillman,10,90.165.253.99
Glenna,Streich,57,39.33.252.168
Madilyn,Spencer,2,9.122.245.153
Carolyn,Runte,62,52.109.95.23
Trevion,Yundt,20,139.255.229.152
Leopold,Douglas,54,247.48.241.81
Raina,Cassin,36,179.42.27.107
Meda,Homenick,48,199.5.86.14
Eddie,Raynor,56,149.51.74.170
Camron,Halvorson,69,142.159.124.87
Dominic,Becker,18,200.209.239.11
Alexie,Swaniawski,6,65.35.62.105
Madisen,Grimes,16,86.173.174.18
Edd,Rempel,3,241.208.244.180
Jordyn,Upton,52,116.212.8.75
Katrine,Torphy,12,70.98.159.172
Devyn,Barrows,26,192.72.229.63
Cathryn,McCullough,25,156.218.156.20
Donna,Paucek,21,113.183.93.8
Sam,Dicki,27,207.15.79.232
Judson,Kessler,18,49.13.180.22
Khalil,Thompson,21,46.4.219.118
Elliott,Cummerata,0,144.92.73.74
Catalina,DuBuque,23,175.234.184.221
Lazaro,Reichert,38,96.17.173.52
Tyrell,Nicolas,12,216.205.139.25
Zetta,Schmidt,66,170.195.97.127
Antwon,O'Hara,29,134.97.157.193
Terrill,Abshire,40,112.163.198.140
Kaylah,Kovacek,26,25.203.141.65
Austyn,Cummerata,28,116.70.2.215
Jessica,Schimmel,3,42.46.100.146
Shanny,Tremblay,61,71.69.90.50
Rupert,Gorczany,39,174.6.246.158
Queenie,Hickle,6,200.132.105.59
Sedrick,Batz,13,67.2.31.15
Romaine,Grady,70,18.54.65.14
Larry,Mohr,63,163.184.186.33
Megane,Stamm,39,86.212.177.193
Maeve,Cole,50,174.0.229.137
Jackson,Williamson,6,77.150.166.117
Tatyana,Pacocha,6,47.204.41.131
Rahsaan,Muller,5,223.243.249.89
Shyann,Johns,60,220.158.36.168
Dangelo,Welch,50,146.234.202.249
Alexane,Tromp,9,205.194.135.230
Annabelle,Conn,8,41.237.7.227
Bartholome,Kuphal,21,239.50.78.98
Dallas,Welch,69,190.25.126.157
Wanda,Conn,0,51.5.28.255
Elmo,Gleichner,41,81.87.30.169
Janet,Ankunding,69,94.144.170.137
Federico,Upton,2,29.200.147.125
Easton,Schamberger,1,10.51.195.180
Thomas,Kemmer,4,199.166.140.201
Kris,Stroman,36,172.36.55.232
Hester,Schultz,26,25.123.243.151
Lauryn,Abshire,58,50.36.96.194
Verona,Wuckert,36,213.57.105.233
Joel,Miller,52,156.239.145.174
Arne,Renner,69,185.16.105.165
Scarlett,Monahan,44,50.178.253.11
Cruz,Reilly,50,76.253.243.149
Delaney,Kihn,61,171.211.18.131
Shayne,Kuhic,68,96.10.82.150
Jessyca,Baumbach,16,116.226.246.149
Noemy,Flatley,60,106.137.41.82
Hollie,Hermiston,17,20.213.165.189
Marcella,Lesch,11,193.171.178.104
Delfina,Bode,10,195.217.53.89
Whitney,Kub,61,77.30.83.11
Johan,Fadel,23,140.100.244.195
Palma,Corkery,2,165.8.139.181
Madisyn,Ledner,18,2.2.97.51
Hayden,Trantow,21,232.85.200.156
Suzanne,Howell,26,117.139.188.93
Michael,Kemmer,20,244.112.198.130
Lupe,Green,40,152.51.243.227
Alf,Satterfield,60,159.50.67.56
Cassandra,VonRueden,26,178.69.168.234
Branson,Harber,0,107.55.106.168
Berniece,Crooks,65,232.64.30.200
Chelsea,Keebler,63,68.55.251.197
Mathias,Streich,3,221.185.114.169
Lukas,Block,41,5.22.95.208
Robyn,Dach,52,219.108.135.235
Susanna,Cummerata,15,124.12.33.180
Moriah,Kutch,15,10.241.200.4
Anderson,Marquardt,0,132.66.153.3
Nico,Dibbert,38,135.146.250.164
Magali,Carroll,14,233.227.18.237
Crawford,Predovic,11,91.151.247.231
Ian,Pfeffer,42,248.239.239.25
Lonnie,Green,52,110.151.226.221
Brady,Barrows,20,28.62.56.69
Jannie,Keebler,33,217.119.140.248
Alexane,Huel,69,107.52.197.29
Christian,Zemlak,57,98.72.210.105
Chad,Smith,31,13.208.213.196
Nadia,Lynch,40,99.7.189.231
Tommie,Crooks,8,100.123.236.67
Frederic,Jakubowski,30,182.139.26.129
Elaina,Satterfield,50,63.118.208.110
Amir,Powlowski,23,137.229.66.190
Shaniya,Welch,62,131.201.87.165
Raegan,Leffler,64,93.66.157.120
Jacinto,Leuschke,49,37.90.237.50
Shanon,Thiel,12,72.253.131.227
Vance,Volkman,22,197.197.109.216
Rosalia,Marvin,27,229.94.66.15
Ruthe,Becker,47,86.75.238.232
Buster,Gerhold,0,168.50.57.111
Antonia,Zieme,69,192.2.170.105
Aurelio,Ernser,49,206.84.12.68
Edwina,Feil,7,41.156.73.179
Jayme,Armstrong,11,96.213.99.115
Shanny,Doyle,2,247.90.133.87
Nelson,Macejkovic,39,150.225.181.43
Annamae,Blick,50,242.39.146.51
Clay,Gibson,21,198.127.56.126
Stephanie,Walter,42,30.129.91.193
Rickie,Collier,47,173.245.161.175
Armani,Deckow,42,74.240.210.104
Garnett,Reilly,8,49.23.75.177
Alayna,Nolan,9,28.45.200.228
Mauricio,Nicolas,56,141.200.63.189
Mariah,Breitenberg,51,242.7.73.53
Frieda,Schimmel,48,163.83.65.246
Calista,Kshlerin,27,73.203.111.53
Makayla,Hammes,3,47.18.167.67
Macy,Little,68,130.235.224.194
Marge,Rogahn,34,194.205.156.247
Therese,Brekke,60,242.166.173.20
Dylan,Prohaska,59,175.241.202.43
Kale,Stroman,7,211.224.246.158
Pattie,Nienow,8,255.136.19.196
Jamison,O'Hara,53,109.78.133.19
Cortney,Simonis,5,249.224.24.248
Saige,Block,57,73.109.92.21
Deven,Christiansen,64,160.150.143.223
Jerel,Jaskolski,7,10.226.176.245
Addison,Gorczany,28,245.27.179.232
Victoria,Wunsch,35,152.82.26.252
Rocio,Smitham,67,153.147.163.240
Kayla,Schinner,10,57.205.221.13
Chyna,Luettgen,38,9.239.66.251
Kellie,Maggio,2,198.104.195.91
Alena,Hane,59,94.111.164.208
Karlie,Runolfsdottir,59,90.139.38.109
Theo,McClure,67,197.162.221.59
Hillary,Conroy,59,60.33.236.0
Tracey,Quitzon,33,136.120.146.195
Joanie,Streich,40,95.101.157.51
Raina,Corwin,52,125.182.213.165
Colton,Wolf,32,75.64.25.65
Skylar,Bernier,24,12.103.154.95
Mike,Dibbert,35,32.225.142.221
Tressie,Beatty,36,193.195.44.5
Jade,Feil,35,50.104.55.33
Stefanie,Leuschke,32,144.231.49.130
Natalie,Abbott,13,116.161.224.174
Kaley,Schamberger,16,73.79.37.225
Georgianna,Funk,24,149.164.243.226
Leonie,Hansen,67,150.168.128.183
Jerry,Reichert,10,167.16.107.157
Cydney,Stark,69,123.44.203.157
Monte,Schowalter,56,181.131.189.65
Nelda,Dooley,65,158.129.158.145
Lavinia,Zieme,55,153.91.94.195
Greg,Collins,45,128.73.138.122
Randall,Kohler,34,143.22.249.122
Bernice,Klocko,62,199.5.125.0
Demetris,Beahan,37,132.181.12.89
Stefanie,Kreiger,53,91.182.224.206
Margie,Funk,61,11.180.14.69
Dillon,Schaefer,13,142.92.94.30
Krystal,Klocko,28,250.195.186.54
Chasity,Schulist,31,224.98.97.78
Shanon,Herzog,58,135.12.207.154
Ellie,Stroman,29,236.78.205.34
Emma,Bergstrom,18,205.85.214.128
Hellen,Donnelly,38,95.190.14.181
Justus,Glover,15,86.241.153.254
Jackeline,Mertz,35,23.81.139.74
Dedrick,Donnelly,65,37.220.152.199
Melany,Rodriguez,9,179.5.172.241
Hilda,Conn,22,167.34.140.112
Bernie,Walter,45,36.115.99.164
Halle,McGlynn,61,194.241.253.72
Minerva,Hartmann,12,163.49.68.7
Nicolette,Robel,33,14.73.194.23
Amelie,Feil,66,154.214.249.133
Elinor,Swaniawski,12,191.141.144.117
Bridie,Schaden,23,143.20.219.83
Zack,Carroll,25,107.116.44.132
Mathilde,Cronin,31,176.159.181.19
Monroe,Kuhic,53,29.164.173.11
Cierra,Spinka,18,146.254.208.52
Allen,Effertz,53,141.25.59.23
Dandre,Balistreri,18,227.220.107.118
Sandy,Paucek,19,215.74.226.103
Letitia,Schamberger,59,206.124.104.72
Lamar,Koelpin,19,201.164.143.184
Antonia,Murazik,46,183.93.17.237
Pink,Fay,60,169.237.119.16
Valentine,Schuster,62,130.18.34.205
Ardella,Pfannerstill,50,163.212.63.141
Brenna,Franecki,6,127.232.187.188
Kavon,Johnston,66,68.205.30.21
Dwight,Mraz,53,225.76.86.120
Adella,Daugherty,25,10.50.97.75
Dillon,Gerhold,31,20.132.121.76
Destany,Carter,11,92.146.104.40
Maeve,Hudson,1,26.81.23.159
Samanta,Halvorson,51,91.94.83.159
Maurice,Johnson,29,200.132.117.149
Marianne,Schmitt,65,149.2.187.194
Jaiden,Gulgowski,67,248.30.234.216
Mertie,Prosacco,64,123.127.14.223
Camron,Bednar,51,187.46.67.13
Stephen,Predovic,67,239.111.114.214
Daphnee,Schowalter,30,32.128.62.181
Elijah,Lakin,46,237.54.101.69
Else,Funk,59,165.240.136.135
Damion,Rogahn,32,131.219.209.209
Dorothy,Champlin,5,146.246.64.190
Lon,Rodriguez,31,218.57.24.247
Elinor,Ward,33,112.107.215.66
Adriana,Douglas,46,116.48.92.123
Kristian,Hessel,12,34.101.137.166
Golda,Huels,6,154.49.247.100
Finn,Streich,59,103.44.116.178
Serena,Murazik,3,197.26.83.124
Chad,VonRueden,24,103.174.114.172
Avis,Kuhn,47,179.234.222.77
Elouise,Rath,0,59.85.91.8
Theresia,Lebsack,62,130.159.174.229
Kari,Hintz,30,160.116.81.209
Marge,Gusikowski,30,157.8.12.230
Simeon,Pacocha,38,37.232.141.107
Akeem,Sawayn,63,173.106.249.196
Tillman,Pacocha,32,214.53.140.215
Jamaal,Sporer,28,69.43.65.139
Elsie,Jacobi,60,245.93.115.15
Jettie,Lindgren,31,166.117.235.160
Effie,Bechtelar,11,229.178.83.61
Gerard,Dibbert,7,197.46.228.122
Kiera,Bayer,26,45.38.130.125
Lonnie,Bogisich,5,43.178.188.144
Alvah,Maggio,15,109.89.64.11
Gerhard,Kuhn,0,75.81.84.112
Brendan,Jerde,44,250.184.110.137
Danielle,Hodkiewicz,59,248.34.54.50
Wilfred,Quitzon,53,205.112.136.150
Brian,Kuvalis,55,250.249.11.144
Amalia,Orn,4,222.49.149.216
Lilian,Padberg,46,206.207.225.222
Boyd,Fahey,37,226.93.30.132
Freeman,Torphy,18,15.92.166.45
Van,Yundt,66,100.90.109.90
Olin,Greenholt,43,80.45.231.51
Brenda,Mosciski,49,82.187.153.22
Noe,Hartmann,52,197.68.100.73
Alec,Bernhard,29,10.57.221.28
Thurman,Buckridge,29,88.91.111.44
Edwin,Lakin,51,194.153.216.138
Alba,Bergstrom,37,215.117.230.88
Lempi,Reinger,11,169.181.142.202
Hobart,Barton,2,236.93.183.197
Chasity,Kerluke,44,39.2.7.123
Earnest,King,7,99.205.32.26
Harry,McGlynn,4,184.2.43.124
Bryana,Kautzer,58,111.71.176.225
Kendra,Keebler,21,23.209.21.83
Matilde,Howell,2,193.145.8.243
Brionna,Hilll,20,34.246.145.26
Austen,Luettgen,60,103.97.67.45
Katelynn,Jacobs,11,196.1.171.253
Adella,Nicolas,37,159.15.115.71
Janessa,Jaskolski,49,130.205.216.120
Katharina,O'Keefe,69,46.120.56.77
Alexis,King,49,204.118.250.186
Wilhelmine,Rohan,45,236.175.211.163
Jewell,Stracke,25,5.145.212.111
Camden,Reynolds,12,35.120.184.187
Cortney,Carter,33,180.45.132.150
Christina,Denesik,60,172.192.57.132
Tristin,Brakus,23,121.67.246.213
Sylvester,Kohler,36,111.18.213.228
Ottilie,Bogan,36,83.243.241.157
Dessie,Ratke,54,126.62.218.136
Talon,Gibson,31,108.142.78.167
Jovani,Wintheiser,29,41.70.140.191
Dorothea,Goldner,13,77.170.59.164
Joaquin,Blanda,67,213.180.63.234
Jaqueline,McDermott,54,99.12.93.250
Katherine,Sawayn,21,32.51.174.223
Heather,Hodkiewicz,50,2.232.138.27
Francisca,MacGyver,48,116.69.26.220
June,Quigley,1,236.120.168.102
Zachariah,Bernhard,60,48.254.81.156
Kip,Langworth,50,29.34.188.132
Dallin,Jast,7,172.156.13.111
Laurianne,Crooks,33,250.195.54.78
Camylle,Lowe,18,75.177.172.170
Kaylie,Halvorson,6,243.101.250.87
Wilber,Torphy,30,181.124.87.26
Ron,Von,24,51.45.245.54
Shanie,Jones,3,112.210.241.129
Cara,Schowalter,50,32.76.206.158
Stephon,Stamm,38,39.173.125.30
Renee,Haley,40,12.54.168.168
Sonny,Dickinson,52,77.152.67.9
Estella,O'Conner,17,210.144.169.117
Vidal,Runolfsson,53,46.211.150.41
Green,Hauck,5,248.30.19.111
Mackenzie,Gorczany,60,15.235.202.6
Erin,Ratke,6,164.217.234.128
Dean,Reichert,37,80.247.253.247
Ephraim,Kling,52,233.129.71.45
Brad,Johnston,60,101.79.113.197
Tatyana,Berge,25,216.44.203.115
Ida,Lynch,39,149.182.24.184
Maybell,Hartmann,60,53.152.214.27
Charles,Lindgren,24,191.73.126.161
Stone,Gaylord,56,20.217.255.173
Rachel,Terry,27,126.15.91.74
Marco,Mayer,18,189.172.246.143
Alicia,O'Reilly,57,175.67.60.4
Coby,Gutkowski,50,243.38.14.232
Ron,Upton,41,8.89.163.198
Darien,Ward,22,169.73.104.68
Aditya,Kunze,21,51.123.82.63
Bart,Cummerata,16,178.27.153.237
Karolann,Hilll,45,58.2.194.53
Isabel,McGlynn,12,143.114.15.222
Kay,Torp,13,39.88.173.126
Josefa,Hahn,2,52.97.134.128
Nikolas,Gerhold,24,201.25.67.90
Harmony,Pfeffer,26,8.118.85.159
Howard,Parker,63,14.51.154.61
Cale,Daugherty,57,221.145.171.179
Ethelyn,Frami,37,111.224.34.197
Rashad,Parker,17,48.176.203.68
Eulah,Gleason,20,216.84.123.242
Giovanna,Kiehn,15,137.13.171.95
Gussie,Pagac,5,0.199.80.79
Genesis,Kiehn,7,140.161.54.177
Alejandra,Lebsack,23,213.132.9.52
Laurianne,Ernser,10,142.38.196.155
Sydnie,Olson,34,91.220.146.102
Alanis,Hermann,57,38.135.41.77
Lauriane,Hackett,45,162.179.178.56
Deven,Wyman,65,111.6.90.222
Maddison,Kunde,50,49.115.53.142
Lillian,Ortiz,49,206.141.95.223
Gilberto,Jakubowski,38,135.134.47.61
Alva,Gibson,66,75.169.231.143
Trisha,Bergnaum,32,186.133.249.129
Marco,Kertzmann,5,238.223.27.57
Eliane,Keebler,37,88.216.216.76
Christy,Johns,43,111.68.219.14
Moriah,Koelpin,55,113.37.156.139
Elbert,Conroy,37,216.116.139.246
Nikki,Stokes,29,144.145.129.13
Stefan,Maggio,17,140.79.86.52
Quincy,Donnelly,22,245.123.171.220
Eve,Lindgren,35,153.81.106.112
Dorian,Ruecker,63,180.83.127.167
Darrick,Stoltenberg,50,90.49.197.225
Selena,Lynch,5,226.173.19.27
Rickey,Bergstrom,26,110.199.251.58
Alek,Fay,9,166.158.48.29
Lonzo,Gleichner,5,212.48.44.198
Jeremy,Stroman,44,142.157.238.75
Abraham,Bergnaum,59,6.19.177.163
Elza,Bartell,13,65.197.30.207
Marques,Tremblay,39,151.197.149.93
Wilhelmine,Stokes,34,102.228.125.183
Florida,Swift,21,30.239.31.197
Jamison,Nitzsche,57,95.93.197.135
Marcella,Brekke,64,59.167.127.49
Darwin,Kuphal,2,220.164.111.254
Julio,Johnson,36,12.16.108.242
Toby,Moen,70,130.15.130.42
Icie,Jerde,64,137.250.45.153
Hoyt,Wuckert,30,13.126.196.187
Carrie,Larkin,27,225.232.179.194
Corene,Brekke,49,148.56.86.123
Gonzalo,Feil,21,82.184.29.25
Savanna,Fay,20,172.111.12.168
Toby,Parisian,49,232.195.134.254
Maxwell,Schulist,27,139.95.59.177
Telly,Hintz,0,234.182.202.248
Tyshawn,Waelchi,20,21.205.212.24
Cristal,Powlowski,57,90.32.153.42
Leonor,Dare,25,169.143.83.12
Brice,Doyle,23,237.162.213.1
Emanuel,Larson,33,84.70.76.26
Travon,Kling,13,74.148.79.192
Mckenna,Vandervort,38,203.101.99.17
Ben,O'Connell,44,143.119.53.60
Dessie,Blick,4,51.176.175.8
Estefania,Dach,70,105.151.144.247
Carmela,Pagac,40,184.180.42.224
Cassandre,Kulas,11,109.115.140.143
Broderick,Hansen,49,245.40.134.148
Daryl,Luettgen,39,42.10.98.208
Jeff,Robel,70,137.149.254.140
Reta,Okuneva,7,140.8.200.58
Merl,Mosciski,30,177.225.226.219
Gerhard,Koepp,9,27.202.113.67
Pearl,Witting,56,101.190.215.223
Pablo,Abshire,57,55.7.202.82
Theodore,Schmeler,47,152.216.26.34
Kurt,Hauck,23,66.113.94.246
Martina,Grimes,51,175.130.96.146
Flavie,Mitchell,0,2.236.17.168
Kaelyn,Skiles,49,4.83.96.232
Dominique,Greenholt,4,134.38.47.248
Michele,Dickens,35,125.56.99.205
Ludwig,Larson,3,253.102.159.106
Keven,Weber,4,119.143.87.163
Ryleigh,Klocko,64,142.184.196.183
Pearlie,Dach,10,192.9.49.252
Guadalupe,Moore,16,14.148.214.165
Rose,McLaughlin,65,7.34.180.135
Effie,Daugherty,4,83.185.66.223
Jeremy,Ortiz,26,60.157.239.150
King,Brekke,36,233.16.109.190
Liza,Feest,69,21.83.155.132
Sarah,Kovacek,39,181.102.195.69